"Interval_length","group"
3796.55686027076,"CSA-huber"
2531.61241414284,"CSA-M"
2843.1468954681,"CSA-Q"
1280.8332134658,"ITE-NUC"
2889.2213196145,"CSA-B"
