"Interval_length","group"
12.0554310076029,"CSA-huber"
9.17739184267269,"CSA-M"
9.11404271861588,"CSA-Q"
6.35481515895763,"ITE-NUC"
18.382836740512,"CSA-B"
