"Interval_length","group"
11.123721126243,"CSA-huber"
7.42965566899969,"CSA-M"
8.04937238193087,"CSA-Q"
5.93113618637751,"ITE-NUC"
14.5140873387448,"CSA-B"
