"Interval_length","group"
11.0402325959889,"CSA-huber"
10.047831389324,"CSA-M"
8.22639408558807,"CSA-Q"
5.83497734150544,"ITE-NUC"
17.5452300662218,"CSA-B"
