"Interval_length","group"
1807.60873824659,"CSA-huber"
2859.35371914142,"CSA-M"
3208.53971764245,"CSA-Q"
1558.92291640214,"ITE-NUC"
3026.40492336112,"CSA-B"
