"Interval_length","group"
1232.31556215478,"CSA-huber"
3489.41585443929,"CSA-M"
2823.55685812877,"CSA-Q"
1317.8812400444,"ITE-NUC"
2779.65297281037,"CSA-B"
