"Interval_length","group"
539.468408992853,"CSA-huber"
1362.18927944977,"CSA-M"
1286.61938063511,"CSA-Q"
1604.73635132852,"ITE-NUC"
1932.28241149633,"CSA-B"
