"Interval_length","group"
1578.71037983898,"CSA-huber"
1067.97260726487,"CSA-M"
1119.67046687455,"CSA-Q"
1103.44612536063,"ITE-NUC"
1716.3484273922,"CSA-B"
