"Interval_length","group"
934.43641398356,"CSA-huber"
1395.32547125406,"CSA-M"
1419.67097576942,"CSA-Q"
1759.49782189125,"ITE-NUC"
2083.1038284939,"CSA-B"
