"Interval_length","group"
6.8973991395053,"CSA-huber"
7.57865323730194,"CSA-M"
9.49574793839186,"CSA-Q"
10.0389161391843,"ITE-NUC"
16.459328514451,"CSA-B"
