"Interval_length","group"
17.5740569680224,"CSA-huber"
6.42255208826854,"CSA-M"
9.62753298613941,"CSA-Q"
9.41465230195306,"ITE-NUC"
16.250322085289,"CSA-B"
