"Interval_length","group"
10.6884272412911,"CSA-huber"
7.67513227634766,"CSA-M"
9.40205396819277,"CSA-Q"
10.2006817628175,"ITE-NUC"
15.174077218461,"CSA-B"
