"Interval_length","group"
1589.54569716307,"CSA-huber"
1512.30236369878,"CSA-M"
1371.23242662769,"CSA-Q"
1142.6857518008,"ITE-NUC"
1663.32088588507,"CSA-B"
