"Interval_length","group"
12.2064343650472,"CSA-huber"
11.9485230549333,"CSA-M"
16.4638983199554,"CSA-Q"
9.59995471397292,"ITE-NUC"
22.8094890317907,"CSA-B"
