"Interval_length","group"
18.0573000428105,"CSA-huber"
13.3937917160884,"CSA-M"
15.1388124890485,"CSA-Q"
10.1460964311412,"ITE-NUC"
23.9655993635376,"CSA-B"
