"Interval_length","group"
16.9517380345451,"CSA-huber"
14.5563718691979,"CSA-M"
16.7073920140591,"CSA-Q"
9.34532437201157,"ITE-NUC"
22.7676115438944,"CSA-B"
