"Interval_length","group"
12.7474425360004,"CSA-huber"
4.00996421077519,"CSA-M"
7.09031105234174,"CSA-Q"
6.86402963693822,"ITE-NUC"
8.56169762691955,"CSA-B"
