"Interval_length","group"
14.626506626712,"CSA-huber"
4.39860611694034,"CSA-M"
6.48854439026157,"CSA-Q"
7.04163910079694,"ITE-NUC"
8.09408082046243,"CSA-B"
