"Interval_length","group"
9.61572588398818,"CSA-huber"
4.45314039573292,"CSA-M"
6.65625286755952,"CSA-Q"
7.63248446376852,"ITE-NUC"
8.42895204978111,"CSA-B"
