"Interval_length","group"
5.65917535437377,"CSA-huber"
6.87923265956861,"CSA-M"
6.31667613231644,"CSA-Q"
7.04809400742205,"ITE-NUC"
14.108884674833,"CSA-B"
