"Interval_length","group"
8.56681285396884,"CSA-huber"
7.0022064738361,"CSA-M"
6.77238732943193,"CSA-Q"
6.61005717091136,"ITE-NUC"
14.1372564647998,"CSA-B"
