"Interval_length","group"
5.92355946364305,"CSA-huber"
6.3395029869163,"CSA-M"
6.36218830336771,"CSA-Q"
7.30502901671735,"ITE-NUC"
16.5827471164541,"CSA-B"
