"Interval_length","group"
8.2079824197891,"CSA-huber"
14.2188524343713,"CSA-M"
13.285942395741,"CSA-Q"
6.68381012544392,"ITE-NUC"
18.645405658348,"CSA-B"
