"Interval_length","group"
5.02278570828131,"CSA-huber"
13.8343516200629,"CSA-M"
14.2914221684188,"CSA-Q"
7.49742148151599,"ITE-NUC"
21.4362094838528,"CSA-B"
