"Interval_length","group"
NA,"CSA-huber"
13.2163506286139,"CSA-M"
16.0264860590907,"CSA-Q"
6.2719432330825,"ITE-NUC"
22.6913848592749,"CSA-B"
