"Interval_length","group"
5.67484201706992,"CSA-huber"
11.1239350205126,"CSA-M"
10.5133509781277,"CSA-Q"
5.96099081023525,"ITE-NUC"
18.6344002982075,"CSA-B"
