"Interval_length","group"
9.83805788721134,"CSA-huber"
12.4477299985143,"CSA-M"
13.5598879852587,"CSA-Q"
6.92118075386343,"ITE-NUC"
21.954768291439,"CSA-B"
