"Interval_length","group"
9.05443169590156,"CSA-huber"
12.4643157351792,"CSA-M"
10.5148393073703,"CSA-Q"
6.4806976166315,"ITE-NUC"
20.0897714098159,"CSA-B"
