"Interval_length","group"
17.5246516654984,"CSA-huber"
8.2937465795791,"CSA-M"
11.0277460576852,"CSA-Q"
6.82202444574265,"ITE-NUC"
10.3425375041655,"CSA-B"
