"Interval_length","group"
15.3475583054153,"CSA-huber"
7.02825410804588,"CSA-M"
9.8073295647099,"CSA-Q"
7.25079875676828,"ITE-NUC"
10.4075294464143,"CSA-B"
