"Interval_length","group"
11.8963489031132,"CSA-huber"
8.15021610638831,"CSA-M"
10.8608891510235,"CSA-Q"
6.27189360282593,"ITE-NUC"
11.1345146250112,"CSA-B"
