"Interval_length","group"
1095.77465622958,"CSA-huber"
969.90093173866,"CSA-M"
1158.32510685383,"CSA-Q"
1165.62004644822,"ITE-NUC"
1524.91314283086,"CSA-B"
