"Interval_length","group"
1898.87540941161,"CSA-huber"
2154.47394534722,"CSA-M"
1989.85675907898,"CSA-Q"
1603.15742285178,"ITE-NUC"
2827.80385426854,"CSA-B"
