"Interval_length","group"
13.2683171279962,"CSA-huber"
9.32029215126839,"CSA-M"
11.3883575154127,"CSA-Q"
8.80261391349009,"ITE-NUC"
16.6692622730473,"CSA-B"
