"Interval_length","group"
14.5352664791775,"CSA-huber"
10.1527158957059,"CSA-M"
12.3548602619083,"CSA-Q"
9.79106450450683,"ITE-NUC"
18.1809257330752,"CSA-B"
