"Interval_length","group"
10.4014564171806,"CSA-huber"
9.54566674443406,"CSA-M"
10.8692781866114,"CSA-Q"
9.07372609302432,"ITE-NUC"
18.3916022110337,"CSA-B"
