"Interval_length","group"
11.650715496009,"CSA-huber"
10.0395397199724,"CSA-M"
10.7607150933951,"CSA-Q"
9.43823258853956,"ITE-NUC"
17.1840812558198,"CSA-B"
