"Interval_length","group"
1961.66702432473,"CSA-huber"
3043.58991042244,"CSA-M"
3108.63369719044,"CSA-Q"
1493.77500804606,"ITE-NUC"
2836.91351373945,"CSA-B"
