"Interval_length","group"
8.27898351282975,"CSA-huber"
12.7783449699427,"CSA-M"
10.9709928981982,"CSA-Q"
6.06410351459686,"ITE-NUC"
23.0654088304264,"CSA-B"
