"Interval_length","group"
7.5071721603678,"CSA-huber"
13.0846981981565,"CSA-M"
11.7911966336254,"CSA-Q"
8.00002789512516,"ITE-NUC"
21.6388723595689,"CSA-B"
