"Interval_length","group"
12.179854448004,"CSA-huber"
13.5946586717602,"CSA-M"
12.1207859578112,"CSA-Q"
7.23716167346235,"ITE-NUC"
25.5198710503092,"CSA-B"
