"Interval_length","group"
753.332583095816,"CSA-huber"
2350.03891223772,"CSA-M"
2711.93650197888,"CSA-Q"
1337.27308507959,"ITE-NUC"
2656.69656810493,"CSA-B"
