"Interval_length","group"
9.83172503685112,"CSA-huber"
5.54677048024742,"CSA-M"
8.48707814453043,"CSA-Q"
7.23186088522285,"ITE-NUC"
8.98084646491656,"CSA-B"
