"Interval_length","group"
14.2067846375635,"CSA-huber"
5.26237884150202,"CSA-M"
7.43000643360701,"CSA-Q"
6.7853744316897,"ITE-NUC"
9.10442990059403,"CSA-B"
