"Interval_length","group"
9.92138335805722,"CSA-huber"
4.8925668759832,"CSA-M"
8.34550708921463,"CSA-Q"
7.31077414010044,"ITE-NUC"
8.95131361127061,"CSA-B"
