"Interval_length","group"
18.3204136684142,"CSA-huber"
10.7597712730884,"CSA-M"
13.5072751282275,"CSA-Q"
9.65081798069657,"ITE-NUC"
21.0155965707107,"CSA-B"
