"Interval_length","group"
19.0770445770398,"CSA-huber"
12.3833031729488,"CSA-M"
13.2284997551692,"CSA-Q"
9.44416226372479,"ITE-NUC"
22.5704719593163,"CSA-B"
