"Interval_length","group"
17.9599542461371,"CSA-huber"
14.6045888353427,"CSA-M"
13.0807861090482,"CSA-Q"
8.8482545756022,"ITE-NUC"
22.1654770068528,"CSA-B"
