"Interval_length","group"
10.3562405528194,"CSA-huber"
6.22907801678663,"CSA-M"
9.62296141385896,"CSA-Q"
7.50748634901374,"ITE-NUC"
9.38667664897226,"CSA-B"
