"Interval_length","group"
9.87092630747122,"CSA-huber"
5.74591417045182,"CSA-M"
8.72248769028261,"CSA-Q"
6.7428294913384,"ITE-NUC"
11.2228324373097,"CSA-B"
