"Interval_length","group"
11.1614615341262,"CSA-huber"
7.05559371812935,"CSA-M"
8.48981441307134,"CSA-Q"
7.18995187828158,"ITE-NUC"
9.99172307112202,"CSA-B"
