"Interval_length","group"
2956.6661701208,"CSA-huber"
2784.14872098939,"CSA-M"
2919.53695524672,"CSA-Q"
1306.09408591788,"ITE-NUC"
2481.61080274252,"CSA-B"
