"Interval_length","group"
14.1788062529577,"CSA-huber"
11.639093946956,"CSA-M"
12.9918840212482,"CSA-Q"
9.19140484601305,"ITE-NUC"
19.4619666028891,"CSA-B"
