"Interval_length","group"
13.219568080778,"CSA-huber"
12.6284443997572,"CSA-M"
14.2771317300479,"CSA-Q"
9.59058625442084,"ITE-NUC"
19.4364438964115,"CSA-B"
