"Interval_length","group"
11.9078469292455,"CSA-huber"
9.51303413796357,"CSA-M"
14.7088092917836,"CSA-Q"
9.48698863619265,"ITE-NUC"
20.1753108122227,"CSA-B"
