"Interval_length","group"
11.7161740308097,"CSA-huber"
5.917861592787,"CSA-M"
9.1117485104672,"CSA-Q"
7.03195314551794,"ITE-NUC"
8.85093824264669,"CSA-B"
