"Interval_length","group"
9.87959511525431,"CSA-huber"
5.59726134431203,"CSA-M"
8.52764893159831,"CSA-Q"
6.1514160822593,"ITE-NUC"
9.85605515265889,"CSA-B"
