"Interval_length","group"
11.4085289278476,"CSA-huber"
5.72866443754315,"CSA-M"
10.286991550478,"CSA-Q"
8.06964719908068,"ITE-NUC"
10.0024253465647,"CSA-B"
