"Interval_length","group"
850.554973026019,"CSA-huber"
1551.59763788531,"CSA-M"
1980.0535470396,"CSA-Q"
1702.62069174186,"ITE-NUC"
2692.03404098968,"CSA-B"
