"Interval_length","group"
77.8978206794509,"CSA-huber"
2022.36275524683,"CSA-M"
1993.09829598446,"CSA-Q"
1313.31408070767,"ITE-NUC"
2426.65697292178,"CSA-B"
