"Interval_length","group"
732.146628398339,"CSA-huber"
1446.11089883045,"CSA-M"
1775.95579741642,"CSA-Q"
1013.67481235972,"ITE-NUC"
1925.32804458799,"CSA-B"
