"Interval_length","group"
1249.30206307926,"CSA-huber"
1813.60872224856,"CSA-M"
1857.06116527282,"CSA-Q"
1053.22821050295,"ITE-NUC"
1797.52668388049,"CSA-B"
